datetime,Count_Predicted
05-06-2012 5:00,131
19-03-2011 19:00,240
02-04-2012 6:00,123
13-07-2012 20:00,389
09-11-2011 19:00,205
10-03-2012 0:00,122
19-05-2011 13:00,166
01-05-2011 8:00,63
07-07-2012 8:00,308
07-05-2011 16:00,264
09-04-2011 11:00,38
16-06-2011 04:00,91
13-07-2012 22:00,404
02-03-2012 14:00,247
18-05-2012 15:00,350
14-12-2011 22:00,223
17-02-2012 19:00,288
15-04-2012 18:00,358
06-10-2012 23:00,328
17-07-2012 00:00,165
13-09-2012 11:00,321
13-01-2012 07:00,96
11-08-2012 8:00,212
17-09-2011 08:00,105
04-11-2011 11:00,164
01-10-2011 11:00,96
03-03-2011 12:00,131
05-12-2012 19:00,354
18-06-2012 23:00,316
19-09-2012 18:00,378
08-11-2011 19:00,231
18-02-2011 13:00,212
07-11-2011 10:00,66
10-08-2011 14:00,328
02-05-2012 0:00,128
14-01-2011 14:00,96
17-07-2011 01:00,94
14-07-2011 15:00,306
04-03-2011 3:00,0
18-12-2012 15:00,347
14-12-2012 10:00,160
14-05-2011 03:00,16
19-03-2012 23:00,284
08-01-2011 5:00,0
13-08-2011 06:00,131
04-08-2011 2:00,53
03-02-2012 5:00,92
16-12-2012 21:00,242
04-01-2011 9:00,0
06-04-2011 1:00,0
09-03-2012 11:00,229
12-10-2012 20:00,332
14-06-2011 20:00,271
06-12-2012 2:00,157
03-12-2012 2:00,152
10-07-2011 17:00,334
09-01-2012 22:00,128
10-01-2012 17:00,269
07-08-2012 4:00,191
17-01-2011 04:00,0
03-05-2011 15:00,240
08-04-2012 7:00,218
04-07-2011 5:00,79
13-01-2011 14:00,97
18-08-2012 23:00,364
11-12-2012 0:00,152
11-03-2012 9:00,132
18-03-2012 08:00,108
06-12-2011 3:00,64
05-11-2011 14:00,235
10-10-2012 11:00,283
02-11-2011 20:00,216
18-07-2011 21:00,286
09-03-2011 15:00,100
10-12-2012 17:00,277
02-01-2011 20:00,169
01-10-2012 10:00,257
17-07-2012 14:00,437
07-03-2012 15:00,317
09-02-2011 22:00,62
16-01-2011 01:00,0
19-02-2012 12:00,163
09-02-2011 2:00,0
06-09-2011 9:00,134
11-06-2011 8:00,197
08-02-2011 2:00,0
15-08-2012 14:00,356
17-05-2011 12:00,128
03-04-2012 18:00,372
14-05-2011 07:00,8
06-01-2011 8:00,0
04-05-2011 22:00,199
14-08-2011 18:00,272
01-12-2012 18:00,248
11-01-2011 17:00,3
10-02-2011 17:00,144
08-02-2011 23:00,164
13-03-2011 04:00,19
18-06-2012 15:00,278
16-04-2012 18:00,418
05-09-2011 10:00,193
17-09-2012 05:00,157
05-12-2011 19:00,201
10-01-2011 1:00,0
08-05-2012 8:00,187
08-07-2011 16:00,199
06-09-2012 7:00,227
06-11-2012 17:00,276
05-03-2012 20:00,271
01-10-2011 13:00,121
17-04-2011 14:00,222
18-08-2012 11:00,313
03-09-2012 22:00,344
13-03-2011 08:00,110
12-05-2011 8:00,72
10-10-2011 11:00,187
11-04-2012 10:00,179
15-05-2011 09:00,104
06-10-2011 17:00,256
12-06-2011 7:00,117
15-04-2011 20:00,147
05-04-2012 14:00,283
13-04-2012 14:00,307
10-05-2012 8:00,187
02-02-2011 15:00,107
09-03-2011 9:00,0
19-05-2012 20:00,378
11-07-2012 18:00,405
18-04-2012 02:00,176
19-09-2012 13:00,355
04-11-2012 20:00,303
15-12-2012 11:00,228
08-04-2012 3:00,197
11-09-2011 0:00,49
16-12-2012 11:00,175
03-03-2012 15:00,310
03-11-2011 12:00,211
15-01-2012 01:00,37
07-10-2011 1:00,16
07-11-2011 0:00,0
04-03-2011 18:00,150
14-03-2012 12:00,316
11-05-2012 4:00,166
16-12-2012 07:00,140
01-03-2011 11:00,103
12-01-2012 5:00,25
13-08-2011 21:00,249
19-11-2012 01:00,132
09-09-2012 12:00,325
06-09-2011 16:00,152
17-08-2012 14:00,307
16-08-2011 07:00,156
01-04-2011 6:00,0
03-06-2012 17:00,389
09-01-2012 17:00,100
18-10-2012 04:00,132
02-06-2012 21:00,390
02-12-2011 17:00,259
02-08-2012 14:00,403
03-12-2011 5:00,51
12-10-2012 19:00,340
02-05-2012 17:00,283
07-11-2012 14:00,251
05-04-2012 3:00,181
03-06-2012 12:00,335
01-04-2011 3:00,0
04-01-2011 5:00,0
06-04-2012 3:00,121
09-07-2012 18:00,377
17-08-2012 22:00,240
17-11-2012 14:00,314
19-03-2012 21:00,322
05-01-2012 15:00,241
17-02-2011 03:00,28
13-04-2011 04:00,0
18-11-2011 04:00,82
12-09-2011 6:00,96
13-12-2011 08:00,69
06-01-2011 21:00,115
11-11-2011 18:00,234
08-03-2012 16:00,352
05-09-2012 18:00,362
09-03-2011 9:00,0
02-06-2011 9:00,267
19-03-2012 14:00,284
10-11-2012 2:00,100
18-12-2012 21:00,334
02-05-2011 4:00,40
08-05-2011 4:00,15
17-08-2012 01:00,115
14-11-2011 23:00,291
15-11-2011 05:00,136
09-01-2012 23:00,151
10-11-2012 5:00,101
03-12-2011 14:00,203
08-03-2011 14:00,195
08-09-2012 15:00,243
13-08-2012 09:00,307
04-05-2011 6:00,0
17-03-2011 21:00,192
01-04-2012 2:00,64
15-03-2012 17:00,360
05-05-2012 10:00,255
11-10-2012 14:00,337
14-06-2012 05:00,236
01-08-2011 5:00,106
03-08-2011 3:00,170
09-06-2011 6:00,127
08-08-2011 17:00,345
16-04-2011 22:00,100
13-01-2011 05:00,0
07-04-2012 20:00,367
06-08-2012 1:00,190
08-07-2012 0:00,245
04-11-2011 12:00,208
08-04-2011 13:00,68
13-02-2011 17:00,220
01-08-2011 7:00,183
10-06-2011 1:00,113
11-03-2011 9:00,59
12-06-2012 18:00,295
15-05-2011 15:00,202
01-10-2011 12:00,118
08-01-2011 23:00,134
12-06-2012 0:00,208
07-04-2012 16:00,355
01-05-2012 8:00,140
14-09-2012 08:00,222
01-05-2011 17:00,140
04-11-2012 23:00,307
13-01-2012 09:00,134
06-01-2012 21:00,285
15-07-2011 21:00,284
13-05-2011 03:00,18
11-12-2012 23:00,331
09-06-2012 16:00,421
16-02-2012 22:00,193
10-12-2011 16:00,246
10-07-2012 16:00,389
02-10-2011 3:00,1
04-08-2011 3:00,56
11-07-2011 15:00,313
12-04-2012 20:00,331
05-01-2012 3:00,47
10-02-2011 20:00,152
13-06-2012 13:00,338
03-12-2011 6:00,70
19-11-2011 07:00,77
07-03-2011 6:00,0
17-04-2012 08:00,266
13-10-2012 17:00,336
11-05-2012 4:00,172
12-02-2011 7:00,0
09-04-2012 5:00,225
10-12-2011 9:00,113
06-12-2011 21:00,176
18-12-2012 00:00,91
05-06-2011 5:00,134
17-09-2011 11:00,160
12-12-2012 5:00,162
10-12-2011 20:00,239
13-04-2012 10:00,238
19-10-2011 02:00,69
19-02-2011 00:00,141
07-03-2012 4:00,99
14-10-2011 16:00,288
17-01-2012 21:00,263
13-08-2012 02:00,192
19-02-2011 06:00,154
03-08-2011 6:00,180
15-04-2012 08:00,189
08-02-2011 3:00,0
16-01-2011 10:00,43
12-12-2012 21:00,313
02-08-2012 9:00,290
17-12-2012 05:00,134
01-09-2011 2:00,84
19-04-2012 00:00,57
19-02-2011 18:00,211
05-04-2011 16:00,181
08-06-2011 18:00,375
18-10-2011 18:00,224
19-02-2012 23:00,149
09-01-2011 10:00,34
16-02-2011 01:00,0
13-12-2012 00:00,140
01-06-2012 16:00,348
18-03-2011 07:00,67
16-12-2012 04:00,115
05-05-2012 0:00,108
16-08-2012 19:00,411
06-08-2011 16:00,224
02-04-2012 6:00,118
13-01-2012 19:00,234
08-05-2011 19:00,204
08-08-2011 15:00,327
04-11-2011 4:00,37
01-08-2012 22:00,368
16-02-2012 06:00,85
16-01-2012 04:00,29
01-07-2012 3:00,189
18-06-2011 23:00,292
13-10-2011 06:00,51
02-01-2011 0:00,0
05-08-2011 0:00,89
03-10-2012 15:00,340
18-09-2012 09:00,250
09-10-2012 19:00,290
04-10-2012 9:00,210
10-08-2011 16:00,366
07-05-2012 5:00,109
04-02-2012 5:00,39
08-04-2012 4:00,165
02-07-2012 13:00,395
06-12-2011 16:00,143
03-10-2011 20:00,158
01-03-2012 22:00,298
10-05-2012 10:00,256
02-09-2011 20:00,250
01-09-2011 11:00,249
05-02-2012 6:00,71
07-06-2011 21:00,273
05-11-2011 22:00,202
07-04-2011 14:00,201
17-05-2012 02:00,147
07-02-2012 14:00,262
09-02-2012 0:00,0
12-02-2011 9:00,1
02-06-2011 23:00,342
09-11-2011 14:00,236
12-09-2012 10:00,283
12-03-2012 6:00,136
10-05-2012 3:00,100
19-01-2012 00:00,23
10-06-2012 22:00,365
04-11-2011 20:00,250
04-01-2012 13:00,134
02-09-2011 5:00,99
19-02-2011 16:00,256
03-05-2012 18:00,342
15-12-2012 23:00,320
01-05-2012 10:00,219
05-06-2012 20:00,347
01-01-2011 12:00,69
14-06-2012 02:00,214
01-07-2012 23:00,408
11-06-2012 22:00,382
16-05-2012 18:00,360
13-03-2011 00:00,9
12-06-2012 0:00,205
09-03-2012 14:00,299
07-10-2011 0:00,8
05-10-2011 21:00,212
11-02-2011 5:00,0
13-10-2012 00:00,132
07-11-2012 18:00,281
02-01-2012 19:00,223
03-12-2012 7:00,129
05-08-2012 17:00,411
14-03-2012 20:00,374
06-12-2011 1:00,56
05-11-2011 16:00,240
09-07-2012 11:00,286
03-03-2011 18:00,165
08-05-2011 14:00,218
04-09-2011 13:00,266
05-06-2012 17:00,348
07-11-2011 18:00,229
02-03-2012 0:00,98
02-10-2011 20:00,165
13-03-2012 07:00,132
12-06-2011 18:00,236
13-04-2012 17:00,349
14-07-2011 02:00,135
11-12-2011 11:00,176
04-04-2011 12:00,232
16-03-2012 07:00,103
16-05-2012 17:00,351
05-04-2012 11:00,237
11-11-2012 0:00,90
02-09-2011 3:00,86
02-05-2012 13:00,224
08-06-2012 16:00,407
11-11-2012 2:00,89
15-02-2012 12:00,222
14-04-2012 04:00,95
13-09-2011 23:00,265
01-03-2011 12:00,125
17-05-2011 03:00,17
19-09-2011 10:00,167
15-05-2011 02:00,0
02-11-2012 14:00,317
06-03-2012 20:00,259
08-08-2012 14:00,367
06-03-2012 17:00,276
11-01-2011 9:00,19
01-11-2011 8:00,97
19-11-2012 03:00,148
14-03-2012 06:00,114
02-02-2012 20:00,273
03-11-2011 0:00,24
09-03-2011 4:00,0
09-04-2011 3:00,0
14-08-2012 06:00,184
15-11-2012 00:00,98
13-12-2012 01:00,148
03-09-2012 2:00,154
01-11-2011 2:00,25
01-04-2011 5:00,0
01-01-2012 21:00,242
16-05-2012 15:00,332
15-07-2011 05:00,109
02-12-2011 5:00,27
02-02-2012 12:00,147
11-08-2011 4:00,156
11-10-2012 19:00,321
06-06-2011 2:00,43
13-11-2011 01:00,47
08-06-2011 12:00,301
03-07-2012 11:00,378
17-01-2011 15:00,77
16-04-2011 10:00,26
15-04-2011 09:00,126
07-05-2011 9:00,163
10-12-2012 2:00,101
09-09-2011 22:00,209
01-06-2012 9:00,205
18-05-2012 11:00,292
05-12-2011 18:00,196
09-04-2011 19:00,114
05-08-2011 12:00,258
14-08-2012 13:00,364
15-06-2011 22:00,298
08-07-2011 4:00,126
15-10-2012 05:00,198
14-01-2012 06:00,63
08-02-2012 23:00,167
13-07-2012 15:00,383
17-10-2012 07:00,141
02-07-2012 3:00,249
17-11-2012 08:00,165
18-11-2011 08:00,114
14-10-2012 02:00,123
14-01-2011 07:00,0
15-12-2012 10:00,215
18-12-2011 01:00,13
16-02-2011 05:00,15
04-08-2011 8:00,154
19-07-2011 19:00,264
08-11-2012 0:00,107
13-10-2012 18:00,326
04-05-2012 0:00,142
16-06-2011 17:00,193
11-10-2011 17:00,212
12-10-2012 3:00,119
19-11-2011 17:00,246
07-02-2011 5:00,0
05-05-2012 15:00,263
19-05-2012 07:00,166
11-04-2012 6:00,119
09-03-2012 17:00,336
09-11-2012 21:00,267
05-06-2011 17:00,273
15-03-2012 18:00,347
07-07-2012 4:00,220
03-05-2012 8:00,129
11-09-2012 22:00,348
03-01-2011 16:00,141
12-03-2012 2:00,124
14-05-2011 23:00,153
11-05-2011 13:00,211
08-10-2011 13:00,252
13-09-2011 19:00,267
11-05-2011 18:00,264
12-11-2011 11:00,170
17-02-2012 07:00,39
12-08-2012 10:00,308
19-09-2011 00:00,64
16-12-2011 23:00,250
09-08-2012 18:00,416
17-08-2011 19:00,307
02-11-2011 4:00,17
01-11-2011 7:00,75
13-08-2011 06:00,138
02-12-2012 13:00,250
01-10-2011 0:00,89
09-09-2012 23:00,387
02-04-2011 20:00,171
19-06-2011 07:00,120
16-07-2011 15:00,285
15-10-2012 03:00,180
16-08-2011 17:00,313
18-11-2011 22:00,218
15-08-2012 19:00,359
05-01-2012 9:00,79
06-06-2011 9:00,195
07-07-2011 15:00,322
16-07-2011 07:00,125
04-11-2012 0:00,121
02-08-2012 6:00,193
01-01-2012 8:00,46
09-11-2012 5:00,160
04-09-2011 1:00,87
17-01-2012 02:00,23
18-11-2012 02:00,88
03-05-2011 12:00,207
02-03-2012 18:00,169
11-09-2012 3:00,174
06-06-2011 19:00,288
06-08-2012 6:00,223
04-04-2012 11:00,287
19-03-2011 00:00,96
01-04-2012 3:00,56
19-04-2011 01:00,36
16-02-2011 15:00,220
16-07-2012 22:00,385
14-02-2012 04:00,66
13-12-2012 03:00,151
19-09-2011 22:00,255
05-12-2011 7:00,50
04-02-2012 18:00,155
09-02-2011 23:00,68
06-06-2011 6:00,70
12-04-2012 22:00,333
17-07-2011 19:00,298
13-03-2012 16:00,373
16-06-2012 18:00,391
16-04-2011 13:00,76
16-11-2012 21:00,323
14-12-2012 03:00,113
09-06-2012 13:00,396
06-06-2011 15:00,320
02-04-2012 21:00,346
14-01-2011 20:00,97
15-01-2012 03:00,55
03-09-2012 8:00,232
04-08-2011 9:00,192
10-07-2012 0:00,177
12-08-2011 10:00,264
02-02-2011 15:00,100
08-04-2012 6:00,177
02-05-2011 23:00,212
15-06-2012 01:00,144
15-09-2011 03:00,117
08-12-2012 2:00,92
06-11-2011 14:00,208
11-10-2012 23:00,331
12-06-2012 17:00,263
01-03-2011 20:00,146
11-02-2012 9:00,34
03-12-2011 15:00,215
11-10-2012 9:00,266
01-03-2011 10:00,66
06-10-2011 11:00,197
16-04-2012 10:00,227
11-06-2012 15:00,390
05-03-2012 11:00,152
08-07-2012 5:00,252
13-05-2011 00:00,11
13-08-2011 01:00,129
09-06-2011 7:00,143
07-11-2011 20:00,200
19-03-2011 09:00,142
14-11-2011 13:00,270
11-12-2011 8:00,60
18-11-2012 20:00,282
13-02-2012 11:00,172
18-04-2012 18:00,204
08-08-2011 6:00,170
03-07-2011 10:00,197
18-08-2012 06:00,191
13-03-2012 02:00,123
07-08-2012 18:00,364
07-02-2011 22:00,105
05-06-2012 22:00,352
12-06-2011 11:00,239
13-01-2012 11:00,172
08-07-2012 22:00,345
17-09-2011 23:00,214
05-02-2012 4:00,14
01-05-2011 19:00,138
06-10-2012 14:00,331
04-09-2012 16:00,363
07-11-2012 1:00,121
16-04-2011 14:00,123
17-07-2012 17:00,444
16-10-2012 21:00,310
09-05-2011 15:00,252
05-09-2011 9:00,174
06-10-2012 12:00,324
14-05-2012 07:00,123
07-08-2012 12:00,341
08-06-2012 23:00,380
07-09-2011 21:00,214
09-06-2012 13:00,402
15-06-2012 23:00,383
18-08-2012 19:00,388
15-12-2012 08:00,152
04-01-2012 14:00,136
01-04-2012 7:00,112
05-12-2011 8:00,52
12-01-2011 8:00,0
04-02-2012 19:00,136
12-03-2011 2:00,0
02-09-2011 5:00,98
06-12-2011 22:00,183
08-08-2011 21:00,314
09-02-2011 20:00,30
05-09-2012 3:00,218
15-11-2012 22:00,286
09-05-2012 4:00,116
01-03-2011 6:00,11
08-02-2011 10:00,69
09-02-2011 0:00,0
07-05-2011 10:00,179
01-11-2012 8:00,209
19-03-2011 09:00,142
06-02-2011 15:00,134
16-02-2011 07:00,8
06-10-2011 9:00,143
14-08-2012 21:00,387
16-02-2011 12:00,151
07-05-2011 6:00,44
05-08-2012 15:00,447
18-07-2012 12:00,413
15-04-2012 23:00,382
09-08-2011 17:00,305
09-06-2012 15:00,431
11-04-2012 18:00,282
09-09-2012 3:00,182
10-09-2012 12:00,349
15-09-2012 00:00,143
15-11-2011 01:00,126
18-02-2011 11:00,84
04-07-2011 2:00,56
02-07-2011 2:00,127
16-06-2011 01:00,91
02-11-2011 2:00,1
03-12-2012 5:00,117
12-12-2011 0:00,5
04-08-2012 4:00,217
02-07-2012 2:00,241
06-05-2012 23:00,291
03-05-2012 10:00,177
05-03-2012 6:00,82
17-01-2011 20:00,31
19-05-2011 15:00,154
01-05-2011 13:00,149
05-03-2011 0:00,0
18-01-2012 18:00,233
09-03-2011 20:00,96
07-02-2012 18:00,286
15-08-2012 01:00,211
17-06-2012 13:00,307
09-04-2012 16:00,340
15-09-2012 05:00,245
10-05-2011 14:00,248
13-06-2012 08:00,233
17-01-2012 15:00,222
07-06-2011 13:00,281
16-04-2011 04:00,0
11-09-2012 15:00,400
02-04-2012 20:00,333
09-07-2011 17:00,328
19-07-2011 09:00,215
13-06-2012 02:00,148
04-10-2011 8:00,103
09-05-2011 13:00,248
14-11-2012 13:00,276
04-09-2011 3:00,85
19-08-2012 08:00,234
10-03-2012 12:00,221
07-10-2011 6:00,56
19-12-2011 10:00,96
14-06-2011 21:00,285
12-01-2012 12:00,110
06-04-2011 22:00,252
19-05-2012 00:00,164
03-07-2012 3:00,212
14-03-2011 19:00,187
13-07-2012 13:00,364
14-03-2011 14:00,167
15-02-2012 09:00,140
02-11-2012 13:00,301
08-02-2012 22:00,157
01-05-2011 18:00,135
19-12-2011 20:00,281
14-03-2011 09:00,84
18-12-2011 03:00,59
18-05-2012 00:00,144
01-07-2011 16:00,344
06-03-2012 6:00,106
17-12-2012 22:00,270
17-03-2012 21:00,288
10-10-2011 19:00,211
15-09-2012 04:00,219
08-02-2012 3:00,65
06-01-2012 15:00,301
19-04-2012 08:00,120
12-07-2012 4:00,189
19-04-2012 00:00,58
02-04-2012 16:00,313
16-02-2012 17:00,146
19-08-2012 15:00,292
02-05-2012 23:00,286
07-03-2012 14:00,289
17-02-2011 18:00,225
01-05-2011 16:00,154
11-02-2012 5:00,2
13-07-2012 06:00,249
09-02-2011 14:00,113
19-08-2012 02:00,184
14-08-2012 07:00,203
15-01-2011 00:00,0
02-07-2011 0:00,134
04-04-2011 2:00,22
18-01-2012 08:00,138
15-11-2012 23:00,304
13-07-2012 23:00,410
17-07-2012 08:00,293
08-10-2012 21:00,273
19-05-2012 02:00,168
11-01-2012 22:00,176
18-03-2011 10:00,151
19-09-2011 08:00,115
02-05-2012 20:00,272
10-07-2011 0:00,115
06-04-2012 11:00,243
13-10-2012 16:00,353
01-06-2011 19:00,246
02-11-2011 0:00,0
17-12-2011 15:00,193
04-07-2011 21:00,276
03-11-2012 1:00,158
06-12-2012 9:00,210
13-10-2012 10:00,248
18-02-2011 21:00,315
08-04-2012 21:00,352
16-10-2012 00:00,163
13-10-2011 09:00,80
04-10-2012 11:00,282
09-12-2012 10:00,191
18-08-2012 13:00,358
13-02-2011 04:00,0
03-08-2011 12:00,239
08-02-2012 9:00,94
08-08-2012 17:00,389
15-10-2011 06:00,77
04-06-2011 7:00,136
07-06-2011 5:00,70
04-07-2011 10:00,212
06-01-2012 0:00,1
19-11-2011 03:00,65
08-04-2011 9:00,41
07-10-2012 6:00,209
07-05-2012 2:00,121
03-06-2012 20:00,393
02-02-2011 21:00,149
17-05-2012 22:00,358
14-03-2012 22:00,317
02-09-2011 11:00,184
17-10-2011 08:00,165
17-09-2011 18:00,207
06-12-2012 11:00,232
17-04-2012 20:00,400
05-06-2012 4:00,130
06-01-2011 16:00,125
15-09-2012 02:00,166
12-01-2012 1:00,0
14-11-2011 12:00,220
13-09-2012 21:00,367
12-02-2012 2:00,26
17-09-2012 15:00,316
10-05-2011 8:00,130
11-10-2011 7:00,82
01-12-2012 8:00,118
16-07-2012 06:00,204
16-01-2012 14:00,176
12-11-2012 11:00,245
17-12-2011 14:00,188
16-06-2011 10:00,187
02-09-2011 23:00,277
05-08-2012 11:00,358
15-02-2012 06:00,106
05-07-2012 22:00,415
02-06-2011 11:00,285
16-12-2011 21:00,249
04-10-2011 13:00,217
09-02-2011 13:00,86
02-01-2011 12:00,63
19-03-2011 01:00,106
06-11-2012 16:00,287
04-05-2012 10:00,220
05-09-2011 17:00,190
10-06-2011 12:00,281
12-11-2012 23:00,333
05-03-2012 19:00,226
04-05-2011 3:00,12
09-08-2011 12:00,278
07-06-2011 6:00,105
08-05-2012 3:00,148
19-10-2012 20:00,299
09-11-2011 9:00,54
19-03-2012 03:00,83
01-11-2012 6:00,179
08-07-2011 14:00,266
07-08-2012 13:00,356
05-12-2012 13:00,327
09-02-2012 21:00,244
02-05-2011 15:00,216
05-08-2012 4:00,226
18-12-2012 15:00,351
15-04-2011 14:00,184
19-02-2012 14:00,203
18-07-2012 09:00,312
11-07-2012 20:00,384
19-11-2012 02:00,138
01-01-2012 2:00,37
09-04-2011 4:00,0
01-03-2012 15:00,349
16-05-2012 05:00,117
06-12-2011 14:00,127
14-02-2011 05:00,39
11-05-2011 7:00,84
13-12-2011 22:00,241
10-02-2011 23:00,143
01-09-2012 12:00,354
18-12-2011 14:00,185
19-12-2011 11:00,116
14-06-2012 03:00,229
03-07-2011 6:00,59
03-02-2011 9:00,35
19-06-2011 22:00,246
10-12-2012 17:00,277
09-08-2012 14:00,423
13-08-2012 13:00,376
12-03-2011 19:00,184
19-09-2011 18:00,222
12-09-2012 11:00,322
14-10-2012 22:00,340
10-03-2012 20:00,290
17-02-2011 20:00,198
08-07-2012 16:00,354
11-07-2012 1:00,122
15-05-2012 14:00,258
09-07-2012 19:00,371
17-11-2011 09:00,116
13-03-2012 03:00,131
19-10-2012 02:00,127
07-02-2011 9:00,0
15-07-2012 17:00,386
04-07-2011 21:00,280
18-08-2012 10:00,302
15-03-2011 23:00,118
08-11-2011 8:00,43
01-01-2011 18:00,86
19-01-2012 02:00,39
14-07-2011 22:00,283
02-08-2012 18:00,394
06-06-2011 11:00,248
02-05-2011 4:00,38
01-02-2011 10:00,0
02-07-2011 1:00,119
08-12-2011 19:00,197
17-09-2011 22:00,239
11-05-2011 17:00,255
07-12-2011 4:00,45
16-12-2011 01:00,95
10-06-2011 2:00,114
04-12-2011 14:00,192
19-04-2012 04:00,105
11-10-2012 17:00,357
15-04-2011 22:00,149
10-06-2012 0:00,171
01-08-2011 20:00,294
03-02-2012 20:00,253
11-07-2011 12:00,277
16-08-2011 20:00,304
02-04-2011 4:00,0
09-01-2012 13:00,144
18-04-2012 15:00,185
13-03-2011 07:00,57
11-10-2011 5:00,62
04-08-2011 18:00,253
03-10-2011 22:00,178
17-02-2012 04:00,17
06-11-2011 17:00,211
12-08-2011 22:00,309
10-09-2011 20:00,266
02-12-2012 1:00,86
09-08-2012 12:00,371
10-10-2012 7:00,167
18-11-2011 03:00,84
11-12-2012 14:00,290
07-02-2012 17:00,289
09-08-2012 4:00,175
11-07-2011 0:00,109
07-08-2012 11:00,297
02-01-2012 18:00,232
18-01-2012 03:00,145
08-09-2011 10:00,120
14-07-2012 20:00,321
12-01-2012 10:00,98
05-09-2011 19:00,192
07-11-2011 9:00,35
06-12-2011 1:00,52
06-06-2012 22:00,291
12-03-2011 14:00,164
17-08-2012 00:00,133
01-07-2012 1:00,200
09-01-2012 22:00,121
01-02-2011 23:00,57
14-03-2012 13:00,344
11-05-2012 18:00,399
11-11-2012 7:00,119
15-11-2011 07:00,141
04-07-2011 15:00,295
12-09-2012 19:00,383
09-12-2011 5:00,31
18-10-2011 09:00,119
02-07-2011 23:00,321
04-01-2011 21:00,104
05-09-2011 18:00,198
03-07-2011 23:00,239
13-04-2011 05:00,0
15-01-2011 12:00,66
13-09-2011 07:00,113
19-10-2012 04:00,157
18-11-2012 11:00,237
07-01-2011 8:00,22
17-07-2012 19:00,450
12-12-2012 12:00,269
15-11-2012 19:00,276
19-12-2011 16:00,253
12-12-2011 20:00,221
05-06-2011 13:00,199
02-09-2012 15:00,319
12-06-2011 12:00,267
02-09-2012 7:00,189
17-08-2011 06:00,113
19-08-2011 04:00,86
03-01-2012 19:00,215
07-09-2011 8:00,94
16-09-2011 21:00,236
01-01-2012 4:00,34
06-09-2012 1:00,175
15-02-2011 12:00,142
03-11-2012 16:00,291
14-02-2012 19:00,242
19-04-2011 06:00,61
01-12-2012 13:00,208
03-04-2012 3:00,142
17-06-2012 19:00,354
12-01-2011 14:00,77
14-12-2012 01:00,105
10-08-2011 0:00,157
16-11-2012 08:00,197
10-01-2012 22:00,201
01-04-2011 17:00,162
14-06-2012 20:00,345
06-01-2012 17:00,283
18-05-2011 22:00,181
02-03-2012 19:00,177
12-12-2011 15:00,177
11-05-2012 6:00,181
07-07-2012 5:00,229
06-03-2011 1:00,0
01-02-2011 15:00,47
06-04-2012 10:00,210
05-09-2012 16:00,356
07-12-2011 22:00,135
01-11-2011 0:00,0
16-11-2012 08:00,196
14-11-2011 07:00,117
14-09-2011 10:00,198
09-11-2011 7:00,41
02-12-2011 22:00,246
06-02-2011 7:00,5
10-09-2012 1:00,189
05-09-2011 0:00,112
07-07-2011 8:00,144
01-12-2011 5:00,87
08-02-2012 7:00,75
01-09-2012 5:00,211
09-11-2012 22:00,286
19-04-2011 14:00,154
09-04-2011 15:00,61
08-01-2012 13:00,230
13-10-2011 21:00,237
18-10-2011 07:00,71
17-03-2011 05:00,3
01-12-2011 9:00,140
09-02-2011 13:00,84
01-11-2011 13:00,206
19-02-2012 06:00,107
04-04-2011 20:00,338
09-07-2011 8:00,164
06-07-2012 1:00,245
08-09-2012 9:00,279
18-01-2012 14:00,216
10-01-2012 2:00,0
15-06-2011 10:00,214
07-09-2012 6:00,186
10-09-2011 10:00,212
17-12-2011 20:00,168
15-11-2011 20:00,200
08-03-2012 11:00,236
04-09-2011 6:00,120
16-10-2012 15:00,342
01-07-2011 1:00,129
03-11-2012 12:00,262
15-04-2012 17:00,354
09-10-2012 11:00,229
04-03-2012 18:00,284
01-12-2012 3:00,99
06-10-2011 17:00,250
19-03-2012 04:00,70
19-11-2011 12:00,220
14-08-2012 18:00,374
02-02-2012 23:00,272
13-06-2012 20:00,416
19-11-2012 16:00,294
16-10-2011 12:00,249
09-03-2012 8:00,185
01-07-2011 18:00,352
07-08-2012 5:00,216
14-06-2011 17:00,259
16-02-2011 12:00,164
17-09-2012 17:00,331
19-08-2011 19:00,239
16-10-2012 19:00,330
03-12-2012 4:00,113
08-09-2011 20:00,196
02-04-2012 20:00,327
18-10-2012 22:00,303
18-05-2011 16:00,189
13-06-2011 20:00,302
10-10-2011 5:00,37
06-12-2011 0:00,76
15-10-2011 03:00,90
12-08-2012 22:00,387
05-11-2012 9:00,208
04-08-2011 11:00,216
16-05-2012 10:00,251
14-04-2012 11:00,249
13-07-2012 23:00,406
04-10-2012 10:00,236
07-10-2012 18:00,233
16-03-2011 13:00,87
17-08-2011 18:00,301
18-06-2011 04:00,59
01-06-2012 20:00,259
05-08-2011 6:00,122
16-10-2011 02:00,91
03-09-2012 17:00,347
18-10-2011 16:00,262
13-07-2011 13:00,272
11-01-2012 5:00,21
06-12-2011 4:00,67
10-02-2011 16:00,143
19-07-2011 04:00,140
04-02-2011 8:00,0
14-04-2012 01:00,122
16-03-2011 11:00,44
06-08-2011 19:00,243
05-12-2012 9:00,263
03-05-2011 0:00,23
13-12-2012 21:00,319
03-04-2011 20:00,213
19-12-2012 17:00,331
13-07-2011 04:00,168
10-01-2011 9:00,5
19-05-2012 04:00,162
09-11-2011 6:00,33
12-10-2012 16:00,333
05-03-2011 4:00,0
05-03-2011 2:00,0
09-02-2011 11:00,49
05-03-2012 9:00,120
03-02-2012 0:00,85
08-08-2011 23:00,309
14-04-2012 15:00,357
07-01-2012 17:00,278
06-03-2011 6:00,9
04-08-2012 21:00,430
07-07-2011 16:00,330
10-07-2012 10:00,296
13-04-2011 12:00,71
04-03-2011 14:00,159
15-10-2012 19:00,266
10-07-2011 2:00,106
08-03-2011 13:00,182
10-04-2012 11:00,255
06-09-2011 17:00,181
09-01-2011 9:00,13
15-08-2011 14:00,251
01-03-2011 8:00,31
11-01-2011 19:00,7
18-09-2011 00:00,45
08-11-2011 12:00,211
03-10-2011 9:00,111
06-12-2011 13:00,113
18-02-2011 04:00,48
13-10-2011 14:00,202
17-09-2012 02:00,159
15-04-2012 11:00,287
02-03-2011 8:00,24
15-10-2011 10:00,217
04-08-2012 5:00,208
06-09-2011 15:00,149
12-03-2012 9:00,182
11-06-2012 14:00,395
19-10-2011 00:00,54
08-11-2012 19:00,375
01-07-2011 5:00,131
17-11-2012 10:00,245
16-05-2011 02:00,0
10-08-2012 12:00,314
19-06-2012 18:00,386
05-09-2011 3:00,131
14-12-2011 04:00,42
02-08-2012 8:00,257
05-03-2012 10:00,124
04-01-2012 18:00,205
17-07-2012 11:00,348
05-08-2011 10:00,218
12-12-2011 16:00,184
16-01-2012 06:00,51
03-02-2012 23:00,211
03-05-2011 2:00,50
04-06-2011 21:00,293
19-10-2011 18:00,154
16-08-2012 10:00,322
01-01-2011 14:00,100
14-12-2011 03:00,59
17-01-2012 18:00,246
19-11-2012 20:00,303
19-10-2011 16:00,150
16-04-2012 00:00,188
06-06-2012 12:00,321
11-11-2011 13:00,232
11-03-2011 5:00,0
10-04-2011 7:00,0
08-08-2012 21:00,377
05-03-2011 18:00,187
05-11-2011 6:00,74
16-07-2011 20:00,301
13-12-2012 00:00,139
04-01-2012 9:00,76
18-08-2011 11:00,243
15-11-2012 22:00,287
13-11-2012 14:00,299
09-12-2011 21:00,187
06-04-2012 3:00,128
10-08-2012 16:00,379
17-09-2011 04:00,82
16-11-2011 21:00,188
12-06-2011 19:00,242
01-12-2011 7:00,81
16-07-2011 09:00,203
04-09-2011 23:00,305
19-08-2011 12:00,223
15-10-2012 23:00,337
05-07-2012 17:00,447
15-08-2011 09:00,149
14-01-2011 22:00,84
15-12-2012 16:00,310
01-04-2011 4:00,0
14-08-2012 02:00,174
11-04-2012 1:00,133
11-06-2012 8:00,226
14-03-2011 07:00,22
17-06-2012 22:00,359
16-09-2011 02:00,64
08-08-2011 19:00,340
19-05-2012 21:00,357
18-05-2012 12:00,313
06-08-2012 22:00,375
19-09-2012 17:00,390
18-04-2012 07:00,222
18-02-2012 00:00,106
14-02-2011 19:00,205
17-08-2012 15:00,329
11-03-2011 16:00,144
17-05-2011 22:00,184
13-04-2011 06:00,0
17-10-2011 10:00,199
09-07-2012 10:00,217
10-10-2012 20:00,369
05-08-2012 22:00,355
18-06-2011 22:00,286
09-06-2012 11:00,339
09-03-2011 12:00,54
12-04-2012 19:00,336
10-10-2011 20:00,239
19-03-2011 13:00,214
11-09-2011 15:00,289
13-06-2012 15:00,395
08-03-2012 20:00,366
12-01-2011 23:00,107
13-12-2011 03:00,4
05-08-2011 10:00,228
08-05-2011 23:00,167
08-12-2011 4:00,65
13-07-2012 17:00,401
09-10-2011 7:00,65
17-10-2012 00:00,99
05-07-2012 11:00,398
07-09-2011 11:00,105
10-02-2011 1:00,0
04-05-2012 16:00,354
19-09-2011 23:00,254
16-12-2011 10:00,162
14-06-2011 07:00,165
06-11-2011 9:00,76
18-01-2012 17:00,229
09-12-2012 19:00,229
15-11-2011 18:00,216
01-10-2011 12:00,110
10-06-2011 20:00,282
01-08-2011 9:00,260
08-07-2012 6:00,259
08-10-2012 18:00,277
14-06-2011 23:00,250
01-06-2011 0:00,86
02-08-2012 20:00,381
08-08-2011 9:00,236
07-06-2012 12:00,326
08-09-2012 22:00,328
16-12-2011 15:00,209
09-10-2011 8:00,74
19-08-2012 11:00,235
13-04-2011 17:00,170
11-03-2012 13:00,255
18-09-2012 02:00,125
05-11-2012 11:00,247
17-05-2011 15:00,206
11-06-2011 10:00,216
18-06-2012 17:00,286
13-06-2012 07:00,190
04-05-2011 18:00,168
14-07-2012 22:00,341
07-08-2012 9:00,253
03-12-2012 20:00,292
17-07-2011 09:00,200
05-01-2012 10:00,123
01-09-2011 1:00,98
03-08-2011 2:00,178
02-05-2012 7:00,147
07-02-2011 13:00,97
10-02-2012 5:00,99
06-07-2012 2:00,230
17-04-2012 17:00,378
06-10-2011 6:00,98
01-07-2012 14:00,427
04-09-2012 23:00,395
15-02-2012 15:00,258
07-09-2012 0:00,143
13-07-2011 10:00,260
10-06-2011 21:00,295
19-01-2012 19:00,212
08-05-2011 16:00,244
19-12-2011 18:00,230
13-08-2011 19:00,236
10-05-2011 22:00,236
14-08-2012 16:00,405
04-09-2012 6:00,203
01-08-2011 21:00,279
03-12-2012 0:00,122
18-10-2011 14:00,269
19-09-2012 21:00,338
10-01-2012 13:00,240
17-12-2012 23:00,278
19-01-2012 22:00,244
15-04-2011 21:00,154
14-11-2012 18:00,285
19-08-2012 06:00,217
19-05-2012 16:00,377
05-03-2012 5:00,94
18-01-2011 13:00,0
01-02-2012 6:00,144
03-12-2012 16:00,368
16-06-2012 11:00,320
12-02-2012 15:00,179
06-09-2012 6:00,219
03-08-2012 5:00,193
06-07-2012 15:00,438
07-11-2011 8:00,18
04-06-2012 14:00,353
18-11-2012 08:00,164
02-10-2012 18:00,253
15-07-2011 20:00,298
07-09-2012 17:00,395
01-11-2011 21:00,178
03-09-2012 13:00,333
12-03-2012 1:00,126
17-10-2012 13:00,297
15-07-2011 00:00,76
09-04-2012 22:00,340
10-06-2011 7:00,170
15-02-2012 20:00,263
15-10-2012 20:00,313
08-08-2011 16:00,343
03-09-2012 1:00,161
01-12-2012 15:00,267
08-08-2011 7:00,195
06-10-2012 7:00,193
17-02-2011 04:00,23
07-11-2012 6:00,163
09-06-2011 6:00,128
07-12-2012 17:00,272
18-08-2011 00:00,118
18-09-2011 02:00,47
19-04-2011 15:00,158
03-10-2012 6:00,157
07-01-2011 14:00,79
11-08-2011 14:00,313
10-09-2012 10:00,312
04-02-2011 19:00,95
10-12-2012 21:00,275
02-07-2011 3:00,135
18-05-2012 21:00,376
02-07-2011 16:00,357
16-06-2012 07:00,199
05-02-2011 19:00,55
02-11-2012 8:00,199
19-07-2012 15:00,381
11-07-2012 13:00,357
09-01-2012 22:00,128
02-02-2012 0:00,109
11-04-2012 9:00,168
19-04-2012 03:00,86
06-04-2012 20:00,354
07-03-2011 4:00,0
06-03-2011 6:00,14
15-02-2012 21:00,252
07-06-2012 7:00,161
02-08-2011 16:00,374
14-04-2012 06:00,95
14-10-2011 15:00,283
03-02-2011 8:00,19
17-12-2011 02:00,64
09-03-2012 10:00,212
06-08-2012 13:00,368
07-05-2012 6:00,117
03-02-2011 14:00,117
01-01-2012 10:00,87
09-06-2011 22:00,304
12-08-2012 11:00,341
17-03-2011 01:00,0
15-03-2011 10:00,59
07-07-2012 10:00,392
06-10-2011 8:00,130
14-03-2011 10:00,116
15-03-2012 23:00,284
12-07-2011 9:00,243
08-12-2011 18:00,205
05-10-2012 5:00,172
15-05-2012 23:00,267
03-06-2011 14:00,298
15-01-2012 16:00,218
02-02-2012 4:00,69
14-08-2011 17:00,275
05-05-2012 12:00,297
12-02-2012 16:00,204
03-07-2011 4:00,121
06-06-2011 16:00,307
19-11-2011 06:00,69
13-02-2012 05:00,49
08-10-2012 10:00,193
05-11-2012 5:00,175
18-06-2011 20:00,280
08-01-2011 18:00,104
17-04-2012 11:00,313
14-07-2011 00:00,90
04-11-2012 8:00,192
04-11-2012 18:00,316
03-01-2012 7:00,59
02-11-2012 19:00,336
08-03-2012 4:00,128
02-05-2012 16:00,293
13-05-2012 04:00,160
14-09-2012 01:00,164
03-02-2011 19:00,143
11-08-2012 9:00,240
09-01-2011 7:00,0
12-01-2011 5:00,0
17-05-2012 14:00,337
17-08-2011 07:00,161
19-01-2012 16:00,203
16-11-2012 00:00,113
01-12-2012 9:00,121
10-05-2012 9:00,226
15-05-2012 21:00,313
04-11-2012 11:00,266
14-10-2011 03:00,55
09-07-2012 5:00,179
02-06-2011 17:00,357
06-07-2011 14:00,252
15-10-2012 04:00,197
12-08-2011 11:00,280
17-04-2011 16:00,249
08-01-2012 18:00,229
17-01-2012 23:00,265
10-11-2011 12:00,163
17-06-2012 15:00,336
04-05-2011 7:00,0
12-02-2012 23:00,229
05-05-2012 12:00,291
19-04-2011 22:00,176
17-05-2011 07:00,48
05-02-2012 15:00,184
18-04-2011 10:00,131
15-10-2011 23:00,299
13-11-2012 05:00,116
01-11-2012 10:00,206
08-09-2011 15:00,182
11-02-2012 14:00,112
04-11-2012 16:00,328
04-08-2011 13:00,247
05-11-2012 14:00,299
02-11-2012 15:00,321
03-04-2011 6:00,18
11-07-2012 10:00,279
05-09-2012 6:00,242
16-09-2011 14:00,234
10-11-2012 9:00,197
10-05-2012 5:00,151
19-03-2012 15:00,298
06-08-2011 16:00,218
16-04-2011 19:00,135
14-11-2012 11:00,238
08-04-2011 3:00,0
04-05-2012 15:00,308
09-10-2012 14:00,278
02-05-2012 1:00,108
07-07-2011 18:00,334
07-05-2011 21:00,255
14-02-2011 14:00,282
12-02-2012 22:00,222
09-03-2011 10:00,36
12-07-2011 8:00,206
01-04-2011 19:00,172
10-11-2011 1:00,14
14-07-2012 13:00,309
14-09-2011 08:00,135
11-07-2011 14:00,301
19-04-2012 20:00,326
10-06-2011 14:00,305
15-07-2011 04:00,103
08-06-2011 16:00,357
11-01-2011 0:00,0
09-09-2012 7:00,208
18-05-2012 13:00,332
16-12-2012 22:00,291
02-10-2012 0:00,141
01-10-2011 19:00,157
12-06-2012 20:00,311
12-02-2011 20:00,163
09-03-2012 6:00,172
15-05-2011 04:00,0
12-02-2012 14:00,177
16-09-2011 01:00,64
01-03-2012 19:00,321
16-07-2011 07:00,130
03-11-2011 4:00,33
12-05-2011 8:00,86
17-01-2011 21:00,34
16-10-2012 14:00,335
07-05-2012 12:00,229
12-12-2012 19:00,288
11-08-2012 16:00,396
18-01-2012 05:00,135
11-12-2011 16:00,244
15-05-2011 08:00,54
05-04-2012 2:00,201
05-08-2011 7:00,135
17-04-2011 09:00,129
07-12-2011 19:00,161
07-11-2012 18:00,282
15-07-2012 20:00,336
05-09-2012 2:00,196
11-12-2012 8:00,201
09-07-2011 21:00,297
07-12-2011 11:00,88
01-11-2012 16:00,289
17-03-2011 00:00,9
11-08-2012 4:00,170
02-01-2012 23:00,239
08-07-2012 1:00,253
16-03-2012 11:00,156
19-12-2012 18:00,332
19-08-2012 20:00,316
17-03-2011 10:00,131
04-03-2012 19:00,275
08-08-2011 3:00,71
04-12-2011 16:00,220
18-02-2012 11:00,160
09-08-2012 10:00,336
14-07-2011 06:00,151
17-01-2012 09:00,84
15-05-2012 16:00,305
15-12-2011 12:00,203
06-11-2011 23:00,177
06-02-2012 22:00,224
07-07-2012 9:00,324
19-11-2011 20:00,214
16-12-2011 10:00,169
16-10-2012 05:00,178
10-02-2012 13:00,197
06-06-2012 8:00,199
17-05-2012 01:00,126
19-12-2012 03:00,117
03-12-2011 10:00,134
10-01-2011 21:00,87
11-09-2011 4:00,95
19-06-2012 20:00,406
02-02-2011 22:00,159
11-05-2011 14:00,221
18-06-2011 15:00,292
05-06-2011 10:00,144
08-02-2012 18:00,123
15-07-2012 12:00,356
04-11-2012 19:00,322
02-08-2011 6:00,151
02-11-2012 3:00,128
14-05-2011 14:00,101
15-08-2011 18:00,262
06-08-2011 17:00,232
13-05-2012 16:00,359
15-01-2011 15:00,135
16-06-2011 05:00,143
17-10-2012 22:00,280
17-11-2011 08:00,104
17-07-2011 16:00,303
12-10-2011 15:00,141
13-08-2011 14:00,236
09-06-2012 4:00,222
09-08-2011 21:00,344
10-02-2011 4:00,0
10-04-2012 14:00,321
03-06-2011 7:00,162
12-11-2012 17:00,324
06-10-2012 10:00,270
16-11-2011 15:00,131
04-06-2011 4:00,101
13-06-2012 17:00,410
08-05-2011 12:00,212
05-06-2011 6:00,140
06-12-2012 8:00,196
01-02-2011 2:00,0
13-09-2012 02:00,155
01-10-2012 23:00,309
06-10-2011 14:00,248
14-06-2012 01:00,207
02-01-2012 5:00,114
18-04-2012 16:00,198
08-09-2012 17:00,269
03-04-2012 12:00,288
01-10-2011 2:00,96
13-04-2012 15:00,325
09-03-2011 13:00,64
10-05-2011 9:00,149
04-04-2012 6:00,147
15-02-2012 07:00,101
09-01-2012 4:00,51
03-03-2011 19:00,153
02-06-2011 22:00,341
10-01-2012 6:00,0
16-09-2012 21:00,378
17-01-2012 00:00,23
18-10-2011 06:00,75
19-10-2012 09:00,175
16-02-2011 16:00,220
07-04-2011 22:00,160
19-07-2012 18:00,426
10-03-2011 22:00,288
07-10-2011 13:00,247
06-11-2012 3:00,116
02-11-2011 19:00,189
15-03-2011 01:00,0
10-02-2012 1:00,59
02-03-2012 5:00,88
01-06-2011 2:00,101
07-05-2012 10:00,185
14-01-2011 05:00,0
04-04-2012 0:00,139
13-10-2011 22:00,245
12-07-2011 20:00,341
11-02-2012 22:00,226
15-05-2012 19:00,314
11-12-2011 17:00,239
19-06-2012 12:00,284
08-10-2012 20:00,271
01-03-2011 23:00,143
19-07-2012 14:00,384
14-07-2012 17:00,286
04-06-2011 19:00,299
15-06-2012 00:00,156
13-06-2012 11:00,301
08-04-2012 16:00,381
14-05-2012 10:00,166
19-07-2011 05:00,126
11-11-2012 19:00,329
19-06-2012 07:00,191
02-05-2012 14:00,264
15-07-2012 10:00,286
09-07-2012 8:00,200
01-07-2011 14:00,325
12-03-2012 16:00,358
19-02-2011 04:00,138
12-12-2011 21:00,164
16-08-2012 15:00,408
18-12-2011 06:00,70
12-12-2011 17:00,198
01-02-2011 18:00,57
08-02-2011 1:00,0
18-07-2012 16:00,333
08-06-2012 11:00,323
10-06-2012 22:00,372
02-07-2012 20:00,408
04-05-2012 22:00,290
09-08-2011 8:00,186
13-12-2012 12:00,285
02-06-2011 10:00,281
04-11-2012 20:00,301
03-12-2012 7:00,128
03-12-2012 3:00,123
13-05-2012 05:00,159
11-04-2012 2:00,124
11-04-2012 5:00,112
03-06-2012 14:00,363
05-12-2011 14:00,182
02-08-2012 12:00,373
04-10-2011 7:00,82
13-04-2012 03:00,113
08-06-2012 13:00,360
11-04-2011 20:00,273
19-11-2012 18:00,300
14-07-2012 22:00,340
19-02-2011 21:00,225
12-12-2011 12:00,154
06-07-2011 0:00,103
07-02-2012 16:00,284
03-07-2011 12:00,251
06-07-2011 10:00,150
13-09-2011 04:00,70
10-05-2012 0:00,96
12-01-2012 0:00,0
18-04-2011 22:00,239
15-05-2011 10:00,110
09-06-2011 4:00,118
07-01-2011 10:00,71
17-09-2012 19:00,320
12-03-2011 16:00,206
13-02-2012 22:00,230
12-06-2011 2:00,58
16-07-2012 23:00,367
11-11-2012 13:00,318
13-04-2011 20:00,179
07-03-2012 17:00,328
07-07-2011 7:00,92
05-03-2011 17:00,181
19-04-2012 19:00,324
12-06-2011 22:00,224
10-11-2011 11:00,166
04-06-2012 0:00,176
06-12-2011 18:00,161
12-08-2011 21:00,318
09-03-2012 22:00,321
04-05-2012 8:00,154
10-01-2011 3:00,0
04-09-2011 17:00,286
06-10-2012 3:00,170
17-04-2012 09:00,296
08-04-2012 10:00,278
08-10-2011 18:00,290
08-03-2011 7:00,3
19-09-2012 05:00,200
07-03-2011 16:00,188
04-02-2012 11:00,126
13-05-2011 08:00,61
14-09-2011 21:00,285
07-10-2012 10:00,209
17-11-2012 03:00,124
04-09-2011 7:00,147
07-06-2012 8:00,177
08-08-2011 2:00,62
03-07-2012 15:00,422
04-08-2011 21:00,268
03-04-2011 17:00,226
01-10-2012 9:00,226
05-08-2011 17:00,312
14-08-2012 05:00,186
05-12-2012 12:00,314
03-05-2012 5:00,112
18-02-2012 09:00,69
05-09-2012 14:00,379
07-12-2012 20:00,276
17-11-2011 08:00,103
07-02-2011 1:00,0
17-03-2011 19:00,187
12-09-2011 22:00,245
13-06-2011 16:00,304
19-02-2011 14:00,248
15-05-2011 12:00,163
15-04-2012 15:00,347
01-12-2012 22:00,247
04-08-2011 12:00,237
19-10-2012 15:00,322
13-06-2011 13:00,261
16-11-2011 20:00,192
14-12-2012 21:00,271
10-07-2012 17:00,394
03-01-2011 15:00,133
15-06-2012 04:00,151
09-02-2011 10:00,59
01-03-2011 22:00,145
11-02-2011 6:00,0
03-01-2012 4:00,52
01-03-2011 1:00,0
03-10-2011 4:00,17
02-09-2011 15:00,257
01-04-2012 6:00,94
14-05-2012 17:00,227
03-02-2012 13:00,204
05-10-2012 0:00,150
07-02-2012 13:00,254
13-05-2012 18:00,361
16-08-2012 14:00,395
09-02-2012 23:00,254
13-01-2011 06:00,0
10-10-2011 9:00,122
12-03-2012 19:00,314
15-04-2011 15:00,201
06-03-2011 3:00,7
15-01-2011 03:00,0
06-02-2011 3:00,0
04-05-2012 4:00,131
06-02-2012 20:00,257
10-03-2012 16:00,283
07-09-2011 5:00,56
14-12-2012 05:00,129
05-06-2011 22:00,241
03-01-2011 14:00,120
16-07-2011 01:00,82
12-03-2011 9:00,39
08-05-2011 7:00,47
09-11-2012 8:00,198
09-02-2012 2:00,13
02-10-2011 16:00,108
18-12-2011 09:00,90
04-08-2012 20:00,428
03-08-2012 23:00,372
19-03-2012 08:00,121
16-02-2012 14:00,128
06-08-2011 10:00,202
07-01-2011 13:00,83
14-11-2012 19:00,289
05-08-2011 5:00,112
16-10-2012 16:00,352
07-09-2012 11:00,324
06-11-2011 7:00,28
19-02-2011 23:00,212
04-04-2011 9:00,139
10-11-2011 4:00,20
16-10-2012 21:00,315
09-05-2011 22:00,215
02-02-2012 1:00,114
09-05-2011 14:00,247
11-09-2011 11:00,209
04-01-2012 23:00,232
18-06-2011 07:00,118
18-03-2011 09:00,105
12-09-2012 12:00,360
16-07-2012 04:00,186
05-05-2012 13:00,299
14-11-2011 16:00,302
11-06-2011 8:00,188
14-12-2011 02:00,27
10-07-2011 20:00,299
12-10-2012 9:00,289
01-04-2011 7:00,0
17-05-2011 14:00,179
03-01-2012 20:00,207
15-06-2011 09:00,191
19-02-2012 00:00,122
10-06-2012 9:00,269
17-05-2012 21:00,362
14-03-2012 09:00,182
12-05-2012 17:00,355
13-08-2011 08:00,183
10-04-2011 1:00,0
05-05-2011 1:00,0
15-09-2011 04:00,109
12-05-2012 1:00,164
07-12-2012 12:00,215
10-11-2012 14:00,337
14-01-2012 14:00,179
07-07-2011 13:00,295
18-01-2012 06:00,163
19-08-2011 18:00,311
14-04-2012 20:00,321
08-10-2011 2:00,38
01-07-2011 22:00,318
11-12-2012 3:00,148
08-02-2012 16:00,125
12-10-2012 4:00,128
13-10-2011 07:00,63
12-12-2011 13:00,166
18-05-2011 17:00,202
19-06-2012 15:00,350
08-01-2012 16:00,260
07-09-2011 0:00,34
09-02-2011 7:00,0
12-10-2012 18:00,347
09-01-2011 22:00,122
11-11-2011 2:00,65
12-06-2011 8:00,150
09-08-2012 7:00,219
11-06-2012 23:00,386
10-11-2012 6:00,85
10-02-2012 22:00,228
04-11-2012 10:00,236
04-08-2012 13:00,407
07-01-2011 22:00,138
08-10-2012 6:00,135
14-12-2011 08:00,45
14-06-2012 14:00,331
15-06-2012 14:00,362
01-08-2011 0:00,120
16-07-2011 03:00,84
02-07-2012 23:00,406
13-04-2012 00:00,154
12-05-2012 19:00,372
09-05-2011 5:00,41
06-01-2011 19:00,108
03-10-2012 5:00,156
17-07-2012 18:00,448
12-01-2011 15:00,86
01-04-2012 1:00,56
02-06-2011 6:00,199
10-12-2012 3:00,109
16-08-2011 00:00,94
19-12-2012 01:00,132
16-01-2012 18:00,194
01-09-2012 13:00,369
11-04-2012 12:00,212
12-07-2011 9:00,238
08-02-2011 14:00,117
19-12-2011 07:00,46
10-03-2011 16:00,269
06-12-2011 2:00,57
12-08-2011 5:00,167
15-09-2011 17:00,178
04-01-2011 16:00,117
07-11-2011 11:00,127
05-07-2011 0:00,104
04-03-2011 5:00,0
01-09-2012 11:00,349
05-05-2011 17:00,284
10-06-2012 10:00,330
12-05-2011 6:00,25
03-03-2012 20:00,330
05-10-2012 15:00,389
15-08-2011 19:00,261
11-06-2012 3:00,169
17-06-2012 13:00,297
01-02-2011 15:00,48
01-12-2012 1:00,88
06-03-2012 12:00,193
04-08-2011 23:00,273
11-03-2012 17:00,340
10-10-2012 9:00,255
10-07-2011 19:00,313
06-03-2012 18:00,262
14-04-2012 05:00,113
02-11-2012 17:00,332
07-04-2012 19:00,382
06-04-2012 23:00,356
10-07-2012 8:00,246
10-03-2011 10:00,212
05-08-2012 19:00,319
19-09-2012 20:00,357
03-10-2012 4:00,120
03-11-2011 10:00,116
10-02-2011 11:00,64
01-06-2012 22:00,279
15-02-2011 01:00,38
19-04-2012 15:00,311
18-05-2012 07:00,138
18-06-2012 06:00,129
14-06-2011 18:00,274
08-09-2012 18:00,275
03-06-2012 0:00,159
02-06-2012 23:00,358
15-09-2012 22:00,370
19-01-2012 09:00,88
14-01-2011 16:00,110
19-10-2012 21:00,293
18-05-2012 10:00,283
10-09-2011 2:00,32
19-11-2012 15:00,296
18-01-2012 01:00,74
13-12-2012 10:00,255
12-02-2012 16:00,215
04-09-2012 0:00,182
09-04-2011 21:00,96
04-03-2011 13:00,139
06-08-2012 10:00,287
10-09-2012 11:00,337
08-07-2012 21:00,366
18-06-2011 23:00,286
18-02-2012 10:00,86
09-11-2011 11:00,165
14-02-2011 08:00,122
15-02-2012 10:00,157
06-06-2012 15:00,346
12-09-2012 23:00,348
13-05-2012 15:00,350
19-07-2011 18:00,288
14-06-2012 18:00,390
18-09-2011 19:00,227
15-07-2011 08:00,161
17-06-2011 04:00,40
01-01-2011 2:00,0
15-03-2012 21:00,295
19-09-2011 01:00,69
07-10-2012 0:00,148
02-05-2011 11:00,142
01-05-2012 21:00,331
10-11-2012 12:00,284
03-04-2011 13:00,192
10-02-2011 14:00,127
19-03-2012 05:00,78
15-01-2011 04:00,0
17-04-2012 17:00,376
07-01-2011 7:00,0
07-11-2012 23:00,281
18-06-2011 10:00,203
10-06-2012 20:00,395
09-09-2012 15:00,403
11-10-2011 17:00,213
15-04-2012 12:00,300
11-12-2011 15:00,236
19-09-2011 12:00,194
06-02-2012 5:00,26
15-04-2012 02:00,153
18-06-2012 11:00,186
02-07-2012 6:00,249
09-04-2011 7:00,0
03-09-2012 23:00,362
14-09-2011 02:00,75
01-12-2011 19:00,240
12-05-2011 0:00,0
07-11-2012 2:00,137
10-10-2012 23:00,341
15-10-2011 07:00,80
10-07-2011 0:00,125
12-04-2011 8:00,48
04-05-2011 3:00,2
18-10-2011 05:00,47
04-11-2012 22:00,314
18-08-2011 10:00,214
03-08-2011 13:00,253
12-05-2011 21:00,189
02-09-2011 6:00,113
13-08-2012 21:00,375
15-07-2012 10:00,287
03-04-2011 17:00,226
14-05-2012 14:00,256
19-12-2012 11:00,268
09-04-2011 12:00,49
07-10-2012 21:00,246
02-07-2011 13:00,300
16-12-2012 03:00,110
08-02-2012 5:00,63
13-01-2011 10:00,24
18-04-2012 05:00,210
05-02-2012 12:00,126
11-02-2011 23:00,112
06-12-2011 11:00,112
08-10-2012 3:00,102
02-03-2012 22:00,203
15-03-2011 04:00,0
13-04-2012 01:00,124
09-09-2011 8:00,98
03-12-2011 1:00,34
09-04-2012 17:00,339
08-12-2012 22:00,263
13-12-2012 13:00,306
16-12-2012 19:00,231
16-02-2011 14:00,212
10-11-2011 10:00,104
16-01-2012 19:00,189
09-09-2012 5:00,181
19-01-2012 20:00,215
12-10-2011 19:00,163
19-08-2011 15:00,296
18-01-2011 13:00,0
06-07-2011 23:00,252
18-05-2011 09:00,91
01-06-2012 21:00,310
19-03-2012 01:00,68
12-03-2011 20:00,179
18-07-2011 12:00,251
10-11-2011 1:00,18
12-09-2012 7:00,199
01-05-2012 16:00,356
11-12-2011 17:00,246
11-03-2011 20:00,157
13-10-2011 10:00,90
05-07-2012 19:00,441
05-05-2011 14:00,254
18-06-2012 10:00,171
02-03-2011 18:00,258
13-05-2011 10:00,89
02-11-2011 8:00,54
18-11-2012 04:00,105
17-02-2011 13:00,203
19-01-2012 22:00,233
16-05-2012 13:00,325
15-11-2011 10:00,185
11-05-2012 1:00,154
02-01-2012 20:00,225
09-11-2012 9:00,224
19-03-2012 19:00,316
03-12-2011 8:00,65
03-10-2011 12:00,127
11-11-2012 18:00,354
07-11-2011 4:00,9
08-01-2011 14:00,110
14-01-2012 21:00,213
14-11-2011 20:00,316
08-02-2012 19:00,131
18-02-2012 01:00,95
06-08-2011 19:00,240
04-12-2011 11:00,105
11-04-2011 17:00,277
08-11-2012 9:00,260
15-12-2012 17:00,322
15-06-2011 21:00,303
09-03-2012 4:00,121
03-05-2012 9:00,138
14-04-2011 13:00,211
01-10-2012 19:00,305
04-08-2011 15:00,294
14-02-2012 09:00,126
16-11-2012 22:00,317
01-04-2011 21:00,176
03-12-2012 12:00,274
15-05-2012 20:00,298
17-09-2012 23:00,294
18-06-2011 17:00,284
09-09-2012 19:00,415
14-11-2011 06:00,103
16-08-2012 09:00,298
04-08-2011 19:00,261
06-09-2011 20:00,197
12-04-2012 15:00,304
07-01-2012 11:00,152
10-03-2011 12:00,236
15-12-2012 01:00,86
07-12-2011 12:00,98
10-04-2011 20:00,146
14-02-2011 06:00,64
08-03-2011 20:00,195
13-09-2011 14:00,283
07-02-2012 21:00,241
14-05-2012 04:00,144
09-05-2011 0:00,0
10-01-2011 6:00,0
15-05-2012 10:00,212
16-04-2012 14:00,338
15-01-2012 14:00,190
07-12-2012 3:00,100
09-05-2012 18:00,263
05-03-2011 23:00,180
17-09-2011 15:00,182
16-03-2011 21:00,198
15-11-2011 20:00,196
10-06-2011 23:00,286
13-01-2012 16:00,237
11-06-2011 2:00,97
19-10-2012 12:00,288
08-10-2012 12:00,230
06-11-2011 12:00,180
07-12-2011 21:00,161
08-10-2012 0:00,110
16-08-2011 19:00,311
17-11-2012 15:00,328
13-02-2012 18:00,284
10-12-2011 23:00,230
16-01-2012 23:00,187
10-11-2012 0:00,95
08-10-2012 11:00,216
16-08-2011 15:00,314
09-08-2011 19:00,327
10-05-2012 18:00,363
16-02-2012 15:00,149
04-12-2012 22:00,360
12-05-2011 4:00,0
07-07-2012 5:00,225
18-03-2012 11:00,152
01-07-2012 16:00,445
18-06-2012 03:00,130
10-07-2012 23:00,296
02-02-2011 19:00,153
07-12-2011 18:00,155
14-03-2011 06:00,16
18-09-2011 15:00,219
17-03-2012 06:00,84
06-10-2012 8:00,201
10-11-2011 10:00,104
08-06-2011 1:00,71
14-07-2011 08:00,194
01-08-2011 10:00,293
18-12-2012 00:00,102
09-02-2012 14:00,223
03-04-2011 19:00,203
03-06-2011 1:00,167
15-09-2011 22:00,238
01-01-2011 10:00,44
13-03-2011 21:00,164
05-03-2012 13:00,174
14-11-2011 02:00,105
02-09-2011 7:00,119
13-08-2011 18:00,243
14-10-2011 07:00,93
14-02-2012 02:00,105
05-05-2011 8:00,124
06-08-2012 5:00,218
06-09-2012 0:00,170
17-01-2011 10:00,18
07-04-2012 17:00,364
18-10-2012 18:00,321
05-11-2011 14:00,235
09-03-2012 7:00,197
04-08-2012 12:00,398
15-10-2012 08:00,264
07-09-2011 9:00,114
12-01-2011 13:00,82
13-10-2011 16:00,230
06-10-2012 16:00,382
09-09-2011 3:00,67
15-09-2012 03:00,202
07-04-2012 7:00,189
02-04-2012 4:00,117
01-06-2012 11:00,267
11-12-2012 22:00,315
04-11-2012 3:00,136
19-04-2012 22:00,310
14-08-2011 19:00,265
12-11-2011 3:00,17
15-09-2011 14:00,234
01-07-2012 13:00,419
11-11-2011 22:00,261
12-11-2012 8:00,182
06-12-2012 19:00,273
15-07-2012 18:00,322
05-05-2012 8:00,171
04-06-2012 15:00,359
13-01-2012 04:00,68
05-12-2012 13:00,330
11-06-2011 1:00,88
12-04-2012 3:00,99
10-09-2012 21:00,373
18-05-2011 07:00,59
02-03-2012 21:00,191
16-01-2012 15:00,189
12-08-2011 13:00,303
14-05-2012 13:00,246
16-11-2011 20:00,185
16-01-2012 04:00,24
17-02-2012 05:00,23
08-01-2012 17:00,247
14-08-2011 03:00,72
19-04-2012 09:00,153
17-07-2012 02:00,202
11-11-2011 19:00,236
17-09-2011 17:00,204
05-12-2011 3:00,25
01-02-2012 11:00,184
05-07-2011 9:00,202
06-11-2012 1:00,114
12-09-2012 16:00,398
14-03-2012 07:00,123
12-07-2011 19:00,341
15-05-2011 05:00,7
16-06-2012 17:00,378
03-04-2011 1:00,0
11-09-2011 14:00,265
06-05-2012 18:00,311
02-10-2011 14:00,103
01-06-2011 17:00,334
18-08-2012 04:00,199
12-01-2012 22:00,239
02-09-2011 2:00,99
06-04-2012 0:00,130
04-05-2011 8:00,2
14-03-2011 07:00,33
19-10-2011 08:00,145
15-04-2011 19:00,150
08-03-2012 13:00,310
07-08-2012 2:00,182
04-04-2011 3:00,32
02-12-2012 21:00,305
08-05-2012 3:00,152
02-06-2012 2:00,106
13-07-2011 08:00,236
11-09-2012 8:00,224
07-09-2012 0:00,149
13-11-2011 17:00,307
02-03-2011 3:00,0
03-02-2011 13:00,96
13-03-2012 23:00,332
03-05-2011 16:00,266
13-10-2011 04:00,40
06-09-2011 5:00,81
13-06-2012 09:00,256
07-03-2011 21:00,194
01-08-2011 7:00,186
10-05-2012 21:00,342
17-02-2011 06:00,5
15-08-2011 21:00,276
15-02-2011 00:00,6
02-01-2012 22:00,228
16-12-2012 01:00,111
04-05-2012 7:00,144
09-02-2012 4:00,43
10-09-2011 4:00,66
17-09-2011 12:00,170
19-11-2012 11:00,224
16-05-2011 16:00,169
03-05-2012 23:00,293
03-03-2011 22:00,178
17-03-2011 20:00,174
13-08-2011 20:00,233
04-02-2012 14:00,159
11-09-2011 13:00,253
02-06-2011 18:00,352
09-12-2011 17:00,191
03-01-2011 22:00,75
06-03-2011 10:00,26
12-07-2011 21:00,345
13-08-2011 22:00,257
17-06-2011 00:00,23
15-10-2011 20:00,265
10-05-2011 13:00,242
05-02-2012 23:00,203
16-06-2011 11:00,202
19-06-2011 01:00,109
15-04-2012 01:00,155
04-02-2011 15:00,117
10-01-2012 4:00,0
04-12-2012 3:00,130
01-09-2011 19:00,295
09-11-2011 22:00,184
10-10-2012 0:00,91
12-10-2012 22:00,350
02-07-2011 21:00,315
08-06-2011 23:00,298
09-03-2011 16:00,91
11-02-2012 1:00,9
05-02-2011 17:00,8
03-01-2011 0:00,0
11-08-2011 13:00,302
13-12-2011 14:00,244
19-12-2011 19:00,226
01-03-2011 3:00,0
16-08-2012 06:00,199
14-10-2012 02:00,121
04-05-2011 9:00,8
09-09-2012 21:00,404
09-05-2012 16:00,325
06-08-2011 0:00,80
08-09-2011 6:00,81
17-09-2011 04:00,82
02-02-2011 20:00,151
08-12-2011 13:00,179
12-04-2012 11:00,227
06-01-2012 3:00,29
13-11-2011 18:00,317
12-04-2012 16:00,313
13-05-2011 23:00,173
02-01-2011 4:00,0
11-01-2012 21:00,163
02-10-2012 1:00,145
03-08-2012 19:00,394
15-09-2012 18:00,402
12-05-2011 20:00,249
19-04-2011 11:00,121
11-03-2012 7:00,85
07-11-2012 22:00,297
11-05-2011 21:00,224
17-03-2011 18:00,177
11-02-2011 20:00,123
09-02-2011 16:00,120
07-10-2012 20:00,255
09-01-2011 13:00,97
13-04-2011 15:00,125
13-06-2011 12:00,248
07-06-2012 20:00,406
05-01-2012 21:00,205
05-09-2012 10:00,300
15-05-2012 15:00,300
17-08-2011 01:00,97
03-08-2012 3:00,196
19-05-2012 19:00,378
02-01-2011 2:00,0
16-01-2012 22:00,242
01-09-2012 10:00,333
16-06-2011 18:00,198
10-10-2012 13:00,301
13-01-2011 18:00,123
10-02-2011 8:00,6
10-05-2011 2:00,59
12-07-2011 7:00,200
15-04-2012 20:00,349
02-07-2011 22:00,314
04-07-2012 11:00,346
09-08-2011 2:00,126
09-10-2012 13:00,251
17-11-2012 20:00,273
06-09-2012 5:00,216
13-06-2011 04:00,111
05-09-2012 1:00,188
08-07-2011 13:00,241
04-10-2012 19:00,365
02-10-2011 6:00,38
18-06-2011 06:00,94
19-11-2011 23:00,246
09-04-2012 2:00,192
07-01-2012 4:00,92
01-05-2012 6:00,145
19-03-2011 12:00,196
06-04-2011 4:00,0
07-11-2012 12:00,235
19-06-2012 08:00,201
10-03-2011 5:00,158
12-03-2012 21:00,311
16-04-2012 03:00,154
17-12-2012 06:00,124
16-12-2011 18:00,226
16-10-2011 14:00,280
12-09-2012 22:00,348
15-03-2012 17:00,365
07-04-2011 7:00,24
11-11-2011 8:00,141
09-08-2011 10:00,243
09-07-2012 20:00,371
03-06-2011 9:00,199
12-01-2011 18:00,111
14-01-2011 00:00,0
14-08-2011 14:00,234
08-05-2012 11:00,258
09-11-2011 11:00,160
03-12-2012 21:00,299
10-08-2012 6:00,178
01-08-2012 1:00,158
09-06-2012 13:00,399
14-09-2011 22:00,287
04-07-2012 13:00,397
01-11-2012 12:00,232
01-10-2012 17:00,312
14-02-2012 20:00,268
13-01-2012 16:00,237
05-08-2011 16:00,311
16-05-2012 06:00,125
05-04-2012 20:00,310
10-10-2011 1:00,22
07-03-2011 17:00,198
02-09-2012 12:00,294
08-07-2011 4:00,120
15-06-2012 09:00,243
12-01-2011 7:00,0
14-08-2012 23:00,388
13-12-2012 17:00,309
14-12-2011 09:00,115
11-03-2012 21:00,289
06-12-2011 9:00,99
19-10-2012 23:00,282
18-09-2011 09:00,143
08-04-2012 22:00,351
04-01-2012 21:00,218
15-09-2011 11:00,213
15-05-2012 13:00,246
18-12-2012 22:00,332
19-06-2012 23:00,357
05-07-2011 12:00,269
07-08-2012 9:00,256
19-11-2012 22:00,295
16-09-2012 16:00,369
14-12-2011 16:00,209
01-04-2011 22:00,171
02-03-2012 2:00,116
16-04-2011 23:00,177
07-09-2012 21:00,365
09-07-2012 23:00,365
10-12-2011 0:00,0
10-01-2011 3:00,0
13-10-2011 19:00,215
05-01-2012 14:00,216
02-08-2011 1:00,96
16-03-2011 12:00,87
04-06-2011 23:00,282
15-11-2012 08:00,180
18-10-2011 01:00,15
03-10-2012 3:00,127
14-12-2012 06:00,102
14-09-2011 19:00,263
08-07-2012 9:00,338
02-03-2011 19:00,253
19-08-2012 14:00,264
16-03-2011 08:00,0
06-12-2011 7:00,82
05-01-2011 20:00,129
11-11-2011 21:00,235
14-11-2012 12:00,251
03-12-2012 11:00,237
19-03-2012 18:00,323
19-10-2011 15:00,124
15-09-2012 06:00,260
05-04-2011 12:00,70
05-10-2011 22:00,233
14-03-2011 22:00,191
17-05-2012 17:00,373
16-03-2012 20:00,219
07-06-2012 11:00,309
07-09-2011 22:00,208
08-01-2011 22:00,141
17-04-2011 03:00,29
18-05-2012 05:00,132
17-12-2011 03:00,62
01-10-2012 7:00,174
02-12-2012 15:00,284
19-12-2011 09:00,79
07-01-2012 0:00,84
16-12-2012 14:00,232
06-10-2012 22:00,320
13-02-2011 13:00,171
08-11-2011 6:00,33
19-06-2011 17:00,270
01-10-2012 7:00,174
07-08-2011 20:00,252
10-11-2011 23:00,234
03-07-2011 18:00,333
19-05-2012 16:00,376
17-11-2012 12:00,288
07-09-2012 22:00,376
16-04-2012 01:00,175
17-12-2012 10:00,178
03-08-2012 13:00,389
04-02-2012 12:00,131
16-01-2012 04:00,33
10-08-2011 3:00,157
05-12-2011 0:00,3
01-02-2012 19:00,300
08-02-2011 16:00,139
06-10-2012 0:00,136
17-12-2011 23:00,169
05-08-2012 14:00,431
17-06-2012 07:00,181
05-07-2011 17:00,311
08-06-2011 8:00,206
10-11-2011 5:00,9
13-06-2012 14:00,374
04-08-2012 15:00,429
05-09-2012 17:00,366
03-06-2011 11:00,262
12-09-2011 0:00,43
10-08-2012 17:00,397
03-07-2011 20:00,199
19-04-2012 08:00,119
12-07-2012 7:00,214
05-03-2012 0:00,92
14-09-2012 20:00,367
05-01-2012 4:00,52
02-04-2012 17:00,329
11-04-2011 4:00,3
04-09-2012 10:00,286
13-08-2012 14:00,392
15-01-2012 15:00,212
16-10-2011 10:00,208
17-12-2012 13:00,208
02-01-2011 17:00,118
10-10-2012 1:00,98
13-09-2012 07:00,194
03-06-2012 16:00,383
07-12-2012 18:00,274
06-04-2012 19:00,354
12-11-2011 15:00,286
06-10-2011 4:00,106
09-10-2012 23:00,303
12-04-2012 17:00,339
15-04-2011 13:00,176
10-09-2011 3:00,48
17-04-2012 14:00,351
18-07-2012 07:00,267
08-03-2011 16:00,209
03-01-2012 7:00,61
02-10-2012 23:00,293
15-01-2011 07:00,0
10-02-2012 11:00,163
17-03-2011 10:00,142
11-01-2011 17:00,3
03-04-2011 8:00,66
08-09-2011 4:00,67
02-02-2012 17:00,260
11-10-2011 3:00,51
06-08-2011 20:00,259
05-02-2011 0:00,0
09-06-2012 10:00,296
18-07-2011 13:00,272
15-04-2011 21:00,149
14-05-2011 13:00,70
11-05-2011 20:00,214
13-11-2011 03:00,68
07-10-2012 14:00,237
14-04-2012 09:00,188
17-01-2012 19:00,252
01-08-2011 11:00,313
11-02-2011 12:00,76
02-08-2012 5:00,176
10-12-2011 2:00,54
05-01-2011 19:00,144
01-06-2011 10:00,194
18-04-2011 15:00,231
15-03-2011 22:00,110
12-06-2012 15:00,239
04-04-2011 0:00,42
08-02-2011 3:00,0
14-06-2012 15:00,356
14-07-2011 10:00,235
16-02-2011 09:00,47
12-07-2012 18:00,384
08-09-2012 0:00,150
09-11-2011 4:00,22
18-09-2011 20:00,230
03-10-2012 20:00,366
11-04-2011 10:00,94
17-03-2012 04:00,59
12-07-2012 3:00,189
10-12-2012 10:00,185
10-11-2011 19:00,182
08-09-2012 3:00,169
08-09-2011 3:00,53
15-06-2011 15:00,305
04-06-2011 13:00,287
06-05-2011 12:00,197
16-10-2011 09:00,188
18-06-2011 11:00,203
15-05-2011 13:00,170
05-01-2012 11:00,159
05-08-2011 3:00,96
05-12-2012 10:00,286
02-03-2012 20:00,189
09-11-2012 17:00,325
15-03-2011 02:00,0
07-06-2012 21:00,402
09-06-2012 22:00,379
01-04-2011 12:00,110
17-06-2012 02:00,184
18-03-2012 11:00,152
03-01-2011 7:00,0
03-06-2012 22:00,393
04-05-2011 11:00,82
03-06-2012 10:00,304
10-07-2011 5:00,111
12-04-2011 2:00,107
01-08-2012 0:00,169
03-04-2012 2:00,117
03-05-2011 8:00,89
17-05-2011 13:00,120
19-11-2011 01:00,49
14-02-2011 11:00,205
05-06-2011 16:00,265
01-11-2011 6:00,52
09-06-2011 2:00,99
04-01-2012 18:00,197
09-05-2011 5:00,38
06-11-2012 4:00,117
04-12-2012 7:00,169
12-01-2012 21:00,243
18-04-2012 14:00,194
12-12-2012 22:00,319
01-08-2012 14:00,384
08-06-2012 20:00,418
05-09-2011 5:00,135
12-03-2012 15:00,301
11-11-2011 3:00,59
16-02-2012 00:00,33
11-12-2012 0:00,154
06-05-2011 11:00,179
18-08-2012 09:00,268
13-09-2012 09:00,265
16-09-2012 05:00,177
03-01-2012 18:00,218
03-04-2011 10:00,144
19-10-2011 17:00,158
07-08-2011 11:00,251
09-12-2011 2:00,32
15-09-2011 02:00,108
15-09-2012 23:00,353
07-03-2011 15:00,180
16-11-2011 15:00,134
02-02-2012 11:00,132
09-10-2011 9:00,114
07-11-2012 5:00,171
16-12-2011 05:00,186
14-01-2011 23:00,125
19-02-2011 09:00,200
17-03-2012 05:00,72
